file,line,type,commit,author,date,time,timezone,datetime,depth,length
styles1.css,1,css,2aa8de1e,Raghav Dewangan,2025-04-11,14:58:52,-07:00,2025-04-11T14:58:52-07:00,0,22
styles1.css,2,css,2aa8de1e,Raghav Dewangan,2025-04-11,14:58:52,-07:00,2025-04-11T14:58:52-07:00,0,42
styles1.css,3,css,fe5c7125,Raghav Dewangan,2025-04-11,14:47:57,-07:00,2025-04-11T14:47:57-07:00,0,0
styles1.css,4,css,2aa8de1e,Raghav Dewangan,2025-04-11,14:58:52,-07:00,2025-04-11T14:58:52-07:00,0,6
styles1.css,5,css,3f28eb07,Raghav Dewangan,2025-04-16,13:00:56,-07:00,2025-04-16T13:00:56-07:00,0,24
styles1.css,6,css,2aa8de1e,Raghav Dewangan,2025-04-11,14:58:52,-07:00,2025-04-11T14:58:52-07:00,0,33
styles1.css,7,css,3f28eb07,Raghav Dewangan,2025-04-16,13:00:56,-07:00,2025-04-16T13:00:56-07:00,0,18
styles1.css,8,css,3f28eb07,Raghav Dewangan,2025-04-16,13:00:56,-07:00,2025-04-16T13:00:56-07:00,0,24
styles1.css,9,css,3f28eb07,Raghav Dewangan,2025-04-16,13:00:56,-07:00,2025-04-16T13:00:56-07:00,0,69
styles1.css,10,css,3f28eb07,Raghav Dewangan,2025-04-16,13:00:56,-07:00,2025-04-16T13:00:56-07:00,0,40
styles1.css,11,css,3f28eb07,Raghav Dewangan,2025-04-16,13:00:56,-07:00,2025-04-16T13:00:56-07:00,0,55
styles1.css,12,css,2aa8de1e,Raghav Dewangan,2025-04-11,14:58:52,-07:00,2025-04-11T14:58:52-07:00,0,0
styles1.css,13,css,2aa8de1e,Raghav Dewangan,2025-04-11,14:58:52,-07:00,2025-04-11T14:58:52-07:00,0,0
styles1.css,14,css,2aa8de1e,Raghav Dewangan,2025-04-11,14:58:52,-07:00,2025-04-11T14:58:52-07:00,0,28
styles1.css,15,css,2aa8de1e,Raghav Dewangan,2025-04-11,14:58:52,-07:00,2025-04-11T14:58:52-07:00,0,5
styles1.css,16,css,2aa8de1e,Raghav Dewangan,2025-04-11,14:58:52,-07:00,2025-04-11T14:58:52-07:00,0,58
styles1.css,17,css,fe5c7125,Raghav Dewangan,2025-04-11,14:47:57,-07:00,2025-04-11T14:47:57-07:00,0,16
styles1.css,18,css,2aa8de1e,Raghav Dewangan,2025-04-11,14:58:52,-07:00,2025-04-11T14:58:52-07:00,0,24
styles1.css,19,css,2aa8de1e,Raghav Dewangan,2025-04-11,14:58:52,-07:00,2025-04-11T14:58:52-07:00,0,16
styles1.css,20,css,fe5c7125,Raghav Dewangan,2025-04-11,14:47:57,-07:00,2025-04-11T14:47:57-07:00,0,14
styles1.css,21,css,2aa8de1e,Raghav Dewangan,2025-04-11,14:58:52,-07:00,2025-04-11T14:58:52-07:00,0,15
styles1.css,22,css,2aa8de1e,Raghav Dewangan,2025-04-11,14:58:52,-07:00,2025-04-11T14:58:52-07:00,0,33
styles1.css,23,css,2aa8de1e,Raghav Dewangan,2025-04-11,14:58:52,-07:00,2025-04-11T14:58:52-07:00,0,33
styles1.css,24,css,fe5c7125,Raghav Dewangan,2025-04-11,14:47:57,-07:00,2025-04-11T14:47:57-07:00,0,0
styles1.css,25,css,2aa8de1e,Raghav Dewangan,2025-04-11,14:58:52,-07:00,2025-04-11T14:58:52-07:00,0,0
styles1.css,26,css,2aa8de1e,Raghav Dewangan,2025-04-11,14:58:52,-07:00,2025-04-11T14:58:52-07:00,0,27
styles1.css,27,css,fe5c7125,Raghav Dewangan,2025-04-11,14:47:57,-07:00,2025-04-11T14:47:57-07:00,0,4
styles1.css,28,css,fe5c7125,Raghav Dewangan,2025-04-11,14:47:57,-07:00,2025-04-11T14:47:57-07:00,0,13
styles1.css,29,css,fe5c7125,Raghav Dewangan,2025-04-11,14:47:57,-07:00,2025-04-11T14:47:57-07:00,0,30
styles1.css,30,css,fe5c7125,Raghav Dewangan,2025-04-11,14:47:57,-07:00,2025-04-11T14:47:57-07:00,0,19
styles1.css,31,css,2aa8de1e,Raghav Dewangan,2025-04-11,14:58:52,-07:00,2025-04-11T14:58:52-07:00,0,18
styles1.css,32,css,2aa8de1e,Raghav Dewangan,2025-04-11,14:58:52,-07:00,2025-04-11T14:58:52-07:00,0,44
styles1.css,33,css,2aa8de1e,Raghav Dewangan,2025-04-11,14:58:52,-07:00,2025-04-11T14:58:52-07:00,0,14
styles1.css,34,css,fe5c7125,Raghav Dewangan,2025-04-11,14:47:57,-07:00,2025-04-11T14:47:57-07:00,0,0
styles1.css,35,css,2aa8de1e,Raghav Dewangan,2025-04-11,14:58:52,-07:00,2025-04-11T14:58:52-07:00,0,0
styles1.css,36,css,2aa8de1e,Raghav Dewangan,2025-04-11,14:58:52,-07:00,2025-04-11T14:58:52-07:00,0,7
styles1.css,37,css,2aa8de1e,Raghav Dewangan,2025-04-11,14:58:52,-07:00,2025-04-11T14:58:52-07:00,0,17
styles1.css,38,css,2aa8de1e,Raghav Dewangan,2025-04-11,14:58:52,-07:00,2025-04-11T14:58:52-07:00,0,16
styles1.css,39,css,2aa8de1e,Raghav Dewangan,2025-04-11,14:58:52,-07:00,2025-04-11T14:58:52-07:00,0,10
styles1.css,40,css,2aa8de1e,Raghav Dewangan,2025-04-11,14:58:52,-07:00,2025-04-11T14:58:52-07:00,0,9
styles1.css,41,css,2aa8de1e,Raghav Dewangan,2025-04-11,14:58:52,-07:00,2025-04-11T14:58:52-07:00,0,0
styles1.css,42,css,2aa8de1e,Raghav Dewangan,2025-04-11,14:58:52,-07:00,2025-04-11T14:58:52-07:00,0,0
styles1.css,43,css,2aa8de1e,Raghav Dewangan,2025-04-11,14:58:52,-07:00,2025-04-11T14:58:52-07:00,0,7
styles1.css,44,css,2aa8de1e,Raghav Dewangan,2025-04-11,14:58:52,-07:00,2025-04-11T14:58:52-07:00,0,17
styles1.css,45,css,2aa8de1e,Raghav Dewangan,2025-04-11,14:58:52,-07:00,2025-04-11T14:58:52-07:00,0,0
styles1.css,46,css,2aa8de1e,Raghav Dewangan,2025-04-11,14:58:52,-07:00,2025-04-11T14:58:52-07:00,0,0
styles1.css,47,css,fe5c7125,Raghav Dewangan,2025-04-11,14:47:57,-07:00,2025-04-11T14:47:57-07:00,0,6
styles1.css,48,css,2aa8de1e,Raghav Dewangan,2025-04-11,14:58:52,-07:00,2025-04-11T14:58:52-07:00,0,21
styles1.css,49,css,2aa8de1e,Raghav Dewangan,2025-04-11,14:58:52,-07:00,2025-04-11T14:58:52-07:00,0,14
styles1.css,50,css,2aa8de1e,Raghav Dewangan,2025-04-11,14:58:52,-07:00,2025-04-11T14:58:52-07:00,0,18
styles1.css,51,css,2aa8de1e,Raghav Dewangan,2025-04-11,14:58:52,-07:00,2025-04-11T14:58:52-07:00,0,14
styles1.css,52,css,2aa8de1e,Raghav Dewangan,2025-04-11,14:58:52,-07:00,2025-04-11T14:58:52-07:00,0,14
styles1.css,53,css,fe5c7125,Raghav Dewangan,2025-04-11,14:47:57,-07:00,2025-04-11T14:47:57-07:00,0,0
styles1.css,54,css,fe5c7125,Raghav Dewangan,2025-04-11,14:47:57,-07:00,2025-04-11T14:47:57-07:00,0,0
styles1.css,55,css,fe5c7125,Raghav Dewangan,2025-04-11,14:47:57,-07:00,2025-04-11T14:47:57-07:00,0,14
styles1.css,56,css,2aa8de1e,Raghav Dewangan,2025-04-11,14:58:52,-07:00,2025-04-11T14:58:52-07:00,0,46
styles1.css,57,css,2aa8de1e,Raghav Dewangan,2025-04-11,14:58:52,-07:00,2025-04-11T14:58:52-07:00,0,21
styles1.css,58,css,2aa8de1e,Raghav Dewangan,2025-04-11,14:58:52,-07:00,2025-04-11T14:58:52-07:00,0,17
styles1.css,59,css,fe5c7125,Raghav Dewangan,2025-04-11,14:47:57,-07:00,2025-04-11T14:47:57-07:00,0,0
styles1.css,60,css,2aa8de1e,Raghav Dewangan,2025-04-11,14:58:52,-07:00,2025-04-11T14:58:52-07:00,0,0
styles1.css,61,css,fe5c7125,Raghav Dewangan,2025-04-11,14:47:57,-07:00,2025-04-11T14:47:57-07:00,0,12
styles1.css,62,css,b0c43ee0,Raghav Dewangan,2025-04-16,16:38:16,-07:00,2025-04-16T16:38:16-07:00,0,70
styles1.css,63,css,fe5c7125,Raghav Dewangan,2025-04-11,14:47:57,-07:00,2025-04-11T14:47:57-07:00,0,46
styles1.css,64,css,fe5c7125,Raghav Dewangan,2025-04-11,14:47:57,-07:00,2025-04-11T14:47:57-07:00,0,0
styles1.css,65,css,2aa8de1e,Raghav Dewangan,2025-04-11,14:58:52,-07:00,2025-04-11T14:58:52-07:00,0,0
styles1.css,66,css,fe5c7125,Raghav Dewangan,2025-04-11,14:47:57,-07:00,2025-04-11T14:47:57-07:00,0,20
styles1.css,67,css,2aa8de1e,Raghav Dewangan,2025-04-11,14:58:52,-07:00,2025-04-11T14:58:52-07:00,0,17
styles1.css,68,css,fe5c7125,Raghav Dewangan,2025-04-11,14:47:57,-07:00,2025-04-11T14:47:57-07:00,0,0
styles1.css,69,css,fe5c7125,Raghav Dewangan,2025-04-11,14:47:57,-07:00,2025-04-11T14:47:57-07:00,0,0
styles1.css,70,css,fe5c7125,Raghav Dewangan,2025-04-11,14:47:57,-07:00,2025-04-11T14:47:57-07:00,0,30
styles1.css,71,css,fe5c7125,Raghav Dewangan,2025-04-11,14:47:57,-07:00,2025-04-11T14:47:57-07:00,0,7
styles1.css,72,css,fe5c7125,Raghav Dewangan,2025-04-11,14:47:57,-07:00,2025-04-11T14:47:57-07:00,0,18
styles1.css,73,css,fe5c7125,Raghav Dewangan,2025-04-11,14:47:57,-07:00,2025-04-11T14:47:57-07:00,0,21
styles1.css,74,css,fe5c7125,Raghav Dewangan,2025-04-11,14:47:57,-07:00,2025-04-11T14:47:57-07:00,0,22
styles1.css,75,css,fe5c7125,Raghav Dewangan,2025-04-11,14:47:57,-07:00,2025-04-11T14:47:57-07:00,0,44
styles1.css,76,css,fe5c7125,Raghav Dewangan,2025-04-11,14:47:57,-07:00,2025-04-11T14:47:57-07:00,0,0
styles1.css,77,css,fe5c7125,Raghav Dewangan,2025-04-11,14:47:57,-07:00,2025-04-11T14:47:57-07:00,0,0
styles1.css,78,css,fe5c7125,Raghav Dewangan,2025-04-11,14:47:57,-07:00,2025-04-11T14:47:57-07:00,0,3
styles1.css,79,css,2aa8de1e,Raghav Dewangan,2025-04-11,14:58:52,-07:00,2025-04-11T14:58:52-07:00,0,35
styles1.css,80,css,fe5c7125,Raghav Dewangan,2025-04-11,14:47:57,-07:00,2025-04-11T14:47:57-07:00,0,16
styles1.css,81,css,2aa8de1e,Raghav Dewangan,2025-04-11,14:58:52,-07:00,2025-04-11T14:58:52-07:00,0,16
styles1.css,82,css,2aa8de1e,Raghav Dewangan,2025-04-11,14:58:52,-07:00,2025-04-11T14:58:52-07:00,0,24
styles1.css,83,css,fe5c7125,Raghav Dewangan,2025-04-11,14:47:57,-07:00,2025-04-11T14:47:57-07:00,0,0
styles1.css,84,css,fe5c7125,Raghav Dewangan,2025-04-11,14:47:57,-07:00,2025-04-11T14:47:57-07:00,0,0
styles1.css,85,css,fe5c7125,Raghav Dewangan,2025-04-11,14:47:57,-07:00,2025-04-11T14:47:57-07:00,0,9
styles1.css,86,css,fe5c7125,Raghav Dewangan,2025-04-11,14:47:57,-07:00,2025-04-11T14:47:57-07:00,0,13
styles1.css,87,css,fe5c7125,Raghav Dewangan,2025-04-11,14:47:57,-07:00,2025-04-11T14:47:57-07:00,0,23
styles1.css,88,css,fe5c7125,Raghav Dewangan,2025-04-11,14:47:57,-07:00,2025-04-11T14:47:57-07:00,0,15
styles1.css,89,css,fe5c7125,Raghav Dewangan,2025-04-11,14:47:57,-07:00,2025-04-11T14:47:57-07:00,0,11
styles1.css,90,css,fe5c7125,Raghav Dewangan,2025-04-11,14:47:57,-07:00,2025-04-11T14:47:57-07:00,0,16
styles1.css,91,css,fe5c7125,Raghav Dewangan,2025-04-11,14:47:57,-07:00,2025-04-11T14:47:57-07:00,0,0
styles1.css,92,css,fe5c7125,Raghav Dewangan,2025-04-11,14:47:57,-07:00,2025-04-11T14:47:57-07:00,0,0
styles1.css,93,css,fe5c7125,Raghav Dewangan,2025-04-11,14:47:57,-07:00,2025-04-11T14:47:57-07:00,0,23
styles1.css,94,css,fe5c7125,Raghav Dewangan,2025-04-11,14:47:57,-07:00,2025-04-11T14:47:57-07:00,0,9
styles1.css,95,css,2aa8de1e,Raghav Dewangan,2025-04-11,14:58:52,-07:00,2025-04-11T14:58:52-07:00,0,30
styles1.css,96,css,fe5c7125,Raghav Dewangan,2025-04-11,14:47:57,-07:00,2025-04-11T14:47:57-07:00,0,21
styles1.css,97,css,fe5c7125,Raghav Dewangan,2025-04-11,14:47:57,-07:00,2025-04-11T14:47:57-07:00,0,18
styles1.css,98,css,fe5c7125,Raghav Dewangan,2025-04-11,14:47:57,-07:00,2025-04-11T14:47:57-07:00,0,0
styles1.css,99,css,fe5c7125,Raghav Dewangan,2025-04-11,14:47:57,-07:00,2025-04-11T14:47:57-07:00,0,0
styles1.css,100,css,fe5c7125,Raghav Dewangan,2025-04-11,14:47:57,-07:00,2025-04-11T14:47:57-07:00,0,17
styles1.css,101,css,fe5c7125,Raghav Dewangan,2025-04-11,14:47:57,-07:00,2025-04-11T14:47:57-07:00,0,26
styles1.css,102,css,fe5c7125,Raghav Dewangan,2025-04-11,14:47:57,-07:00,2025-04-11T14:47:57-07:00,0,26
styles1.css,103,css,fe5c7125,Raghav Dewangan,2025-04-11,14:47:57,-07:00,2025-04-11T14:47:57-07:00,0,0
styles1.css,104,css,fe5c7125,Raghav Dewangan,2025-04-11,14:47:57,-07:00,2025-04-11T14:47:57-07:00,0,0
styles1.css,105,css,fe5c7125,Raghav Dewangan,2025-04-11,14:47:57,-07:00,2025-04-11T14:47:57-07:00,0,31
styles1.css,106,css,fe5c7125,Raghav Dewangan,2025-04-11,14:47:57,-07:00,2025-04-11T14:47:57-07:00,0,8
styles1.css,107,css,fe5c7125,Raghav Dewangan,2025-04-11,14:47:57,-07:00,2025-04-11T14:47:57-07:00,0,21
styles1.css,108,css,2aa8de1e,Raghav Dewangan,2025-04-11,14:58:52,-07:00,2025-04-11T14:58:52-07:00,0,32
styles1.css,109,css,fe5c7125,Raghav Dewangan,2025-04-11,14:47:57,-07:00,2025-04-11T14:47:57-07:00,0,15
styles1.css,110,css,fe5c7125,Raghav Dewangan,2025-04-11,14:47:57,-07:00,2025-04-11T14:47:57-07:00,0,18
styles1.css,111,css,2aa8de1e,Raghav Dewangan,2025-04-11,14:58:52,-07:00,2025-04-11T14:58:52-07:00,0,37
styles1.css,112,css,fe5c7125,Raghav Dewangan,2025-04-11,14:47:57,-07:00,2025-04-11T14:47:57-07:00,0,38
styles1.css,113,css,fe5c7125,Raghav Dewangan,2025-04-11,14:47:57,-07:00,2025-04-11T14:47:57-07:00,0,0
styles1.css,114,css,fe5c7125,Raghav Dewangan,2025-04-11,14:47:57,-07:00,2025-04-11T14:47:57-07:00,0,0
styles1.css,115,css,fe5c7125,Raghav Dewangan,2025-04-11,14:47:57,-07:00,2025-04-11T14:47:57-07:00,0,3
styles1.css,116,css,fe5c7125,Raghav Dewangan,2025-04-11,14:47:57,-07:00,2025-04-11T14:47:57-07:00,0,17
styles1.css,117,css,fe5c7125,Raghav Dewangan,2025-04-11,14:47:57,-07:00,2025-04-11T14:47:57-07:00,0,26
styles1.css,118,css,fe5c7125,Raghav Dewangan,2025-04-11,14:47:57,-07:00,2025-04-11T14:47:57-07:00,0,21
styles1.css,119,css,fe5c7125,Raghav Dewangan,2025-04-11,14:47:57,-07:00,2025-04-11T14:47:57-07:00,0,22
styles1.css,120,css,2aa8de1e,Raghav Dewangan,2025-04-11,14:58:52,-07:00,2025-04-11T14:58:52-07:00,0,44
styles1.css,121,css,2aa8de1e,Raghav Dewangan,2025-04-11,14:58:52,-07:00,2025-04-11T14:58:52-07:00,0,16
styles1.css,122,css,2aa8de1e,Raghav Dewangan,2025-04-11,14:58:52,-07:00,2025-04-11T14:58:52-07:00,0,18
styles1.css,123,css,fe5c7125,Raghav Dewangan,2025-04-11,14:47:57,-07:00,2025-04-11T14:47:57-07:00,0,0
styles1.css,124,css,fe5c7125,Raghav Dewangan,2025-04-11,14:47:57,-07:00,2025-04-11T14:47:57-07:00,0,0
styles1.css,125,css,fe5c7125,Raghav Dewangan,2025-04-11,14:47:57,-07:00,2025-04-11T14:47:57-07:00,0,37
styles1.css,126,css,fe5c7125,Raghav Dewangan,2025-04-11,14:47:57,-07:00,2025-04-11T14:47:57-07:00,0,8
styles1.css,127,css,fe5c7125,Raghav Dewangan,2025-04-11,14:47:57,-07:00,2025-04-11T14:47:57-07:00,0,21
styles1.css,128,css,fe5c7125,Raghav Dewangan,2025-04-11,14:47:57,-07:00,2025-04-11T14:47:57-07:00,0,0
styles1.css,129,css,fe5c7125,Raghav Dewangan,2025-04-11,14:47:57,-07:00,2025-04-11T14:47:57-07:00,0,0
styles1.css,130,css,fe5c7125,Raghav Dewangan,2025-04-11,14:47:57,-07:00,2025-04-11T14:47:57-07:00,0,19
styles1.css,131,css,fe5c7125,Raghav Dewangan,2025-04-11,14:47:57,-07:00,2025-04-11T14:47:57-07:00,0,16
styles1.css,132,css,fe5c7125,Raghav Dewangan,2025-04-11,14:47:57,-07:00,2025-04-11T14:47:57-07:00,0,0
styles1.css,133,css,fe5c7125,Raghav Dewangan,2025-04-11,14:47:57,-07:00,2025-04-11T14:47:57-07:00,0,0
styles1.css,134,css,fe5c7125,Raghav Dewangan,2025-04-11,14:47:57,-07:00,2025-04-11T14:47:57-07:00,0,3
styles1.css,135,css,fe5c7125,Raghav Dewangan,2025-04-11,14:47:57,-07:00,2025-04-11T14:47:57-07:00,0,17
styles1.css,136,css,fe5c7125,Raghav Dewangan,2025-04-11,14:47:57,-07:00,2025-04-11T14:47:57-07:00,0,16
styles1.css,137,css,2aa8de1e,Raghav Dewangan,2025-04-11,14:58:52,-07:00,2025-04-11T14:58:52-07:00,0,24
styles1.css,138,css,fe5c7125,Raghav Dewangan,2025-04-11,14:47:57,-07:00,2025-04-11T14:47:57-07:00,0,0
styles1.css,139,css,fe5c7125,Raghav Dewangan,2025-04-11,14:47:57,-07:00,2025-04-11T14:47:57-07:00,0,0
styles1.css,140,css,fe5c7125,Raghav Dewangan,2025-04-11,14:47:57,-07:00,2025-04-11T14:47:57-07:00,0,5
styles1.css,141,css,fe5c7125,Raghav Dewangan,2025-04-11,14:47:57,-07:00,2025-04-11T14:47:57-07:00,0,14
styles1.css,142,css,fe5c7125,Raghav Dewangan,2025-04-11,14:47:57,-07:00,2025-04-11T14:47:57-07:00,0,18
styles1.css,143,css,2aa8de1e,Raghav Dewangan,2025-04-11,14:58:52,-07:00,2025-04-11T14:58:52-07:00,0,30
styles1.css,144,css,fe5c7125,Raghav Dewangan,2025-04-11,14:47:57,-07:00,2025-04-11T14:47:57-07:00,0,21
styles1.css,145,css,fe5c7125,Raghav Dewangan,2025-04-11,14:47:57,-07:00,2025-04-11T14:47:57-07:00,0,0
styles1.css,146,css,fe5c7125,Raghav Dewangan,2025-04-11,14:47:57,-07:00,2025-04-11T14:47:57-07:00,0,0
styles1.css,147,css,fe5c7125,Raghav Dewangan,2025-04-11,14:47:57,-07:00,2025-04-11T14:47:57-07:00,0,3
styles1.css,148,css,fe5c7125,Raghav Dewangan,2025-04-11,14:47:57,-07:00,2025-04-11T14:47:57-07:00,0,20
styles1.css,149,css,fe5c7125,Raghav Dewangan,2025-04-11,14:47:57,-07:00,2025-04-11T14:47:57-07:00,0,16
styles1.css,150,css,fe5c7125,Raghav Dewangan,2025-04-11,14:47:57,-07:00,2025-04-11T14:47:57-07:00,0,0
styles1.css,151,css,fe5c7125,Raghav Dewangan,2025-04-11,14:47:57,-07:00,2025-04-11T14:47:57-07:00,0,0
styles1.css,152,css,fe5c7125,Raghav Dewangan,2025-04-11,14:47:57,-07:00,2025-04-11T14:47:57-07:00,0,3
styles1.css,153,css,fe5c7125,Raghav Dewangan,2025-04-11,14:47:57,-07:00,2025-04-11T14:47:57-07:00,0,21
styles1.css,154,css,fe5c7125,Raghav Dewangan,2025-04-11,14:47:57,-07:00,2025-04-11T14:47:57-07:00,0,0
styles1.css,155,css,fe5c7125,Raghav Dewangan,2025-04-11,14:47:57,-07:00,2025-04-11T14:47:57-07:00,0,0
styles1.css,156,css,fe5c7125,Raghav Dewangan,2025-04-11,14:47:57,-07:00,2025-04-11T14:47:57-07:00,0,22
styles1.css,157,css,fe5c7125,Raghav Dewangan,2025-04-11,14:47:57,-07:00,2025-04-11T14:47:57-07:00,0,2
styles1.css,158,css,fe5c7125,Raghav Dewangan,2025-04-11,14:47:57,-07:00,2025-04-11T14:47:57-07:00,0,26
styles1.css,159,css,fe5c7125,Raghav Dewangan,2025-04-11,14:47:57,-07:00,2025-04-11T14:47:57-07:00,0,21
styles1.css,160,css,fe5c7125,Raghav Dewangan,2025-04-11,14:47:57,-07:00,2025-04-11T14:47:57-07:00,0,0
styles1.css,161,css,fe5c7125,Raghav Dewangan,2025-04-11,14:47:57,-07:00,2025-04-11T14:47:57-07:00,0,0
styles1.css,162,css,fe5c7125,Raghav Dewangan,2025-04-11,14:47:57,-07:00,2025-04-11T14:47:57-07:00,0,8
styles1.css,163,css,fe5c7125,Raghav Dewangan,2025-04-11,14:47:57,-07:00,2025-04-11T14:47:57-07:00,0,26
styles1.css,164,css,fe5c7125,Raghav Dewangan,2025-04-11,14:47:57,-07:00,2025-04-11T14:47:57-07:00,0,0
styles1.css,165,css,fe5c7125,Raghav Dewangan,2025-04-11,14:47:57,-07:00,2025-04-11T14:47:57-07:00,0,0
styles1.css,166,css,fe5c7125,Raghav Dewangan,2025-04-11,14:47:57,-07:00,2025-04-11T14:47:57-07:00,0,39
styles1.css,167,css,fe5c7125,Raghav Dewangan,2025-04-11,14:47:57,-07:00,2025-04-11T14:47:57-07:00,0,26
styles1.css,168,css,2aa8de1e,Raghav Dewangan,2025-04-11,14:58:52,-07:00,2025-04-11T14:58:52-07:00,0,4
styles1.css,169,css,2aa8de1e,Raghav Dewangan,2025-04-11,14:58:52,-07:00,2025-04-11T14:58:52-07:00,0,22
styles1.css,170,css,2aa8de1e,Raghav Dewangan,2025-04-11,14:58:52,-07:00,2025-04-11T14:58:52-07:00,0,16
styles1.css,171,css,fe5c7125,Raghav Dewangan,2025-04-11,14:47:57,-07:00,2025-04-11T14:47:57-07:00,0,0
styles1.css,172,css,fe5c7125,Raghav Dewangan,2025-04-11,14:47:57,-07:00,2025-04-11T14:47:57-07:00,0,0
styles1.css,173,css,2aa8de1e,Raghav Dewangan,2025-04-11,14:58:52,-07:00,2025-04-11T14:58:52-07:00,0,6
styles1.css,174,css,2aa8de1e,Raghav Dewangan,2025-04-11,14:58:52,-07:00,2025-04-11T14:58:52-07:00,0,21
styles1.css,175,css,fe5c7125,Raghav Dewangan,2025-04-11,14:47:57,-07:00,2025-04-11T14:47:57-07:00,0,0
styles1.css,176,css,fe5c7125,Raghav Dewangan,2025-04-11,14:47:57,-07:00,2025-04-11T14:47:57-07:00,0,0
styles1.css,177,css,fe5c7125,Raghav Dewangan,2025-04-11,14:47:57,-07:00,2025-04-11T14:47:57-07:00,0,9
styles1.css,178,css,fe5c7125,Raghav Dewangan,2025-04-11,14:47:57,-07:00,2025-04-11T14:47:57-07:00,0,9
styles1.css,179,css,fe5c7125,Raghav Dewangan,2025-04-11,14:47:57,-07:00,2025-04-11T14:47:57-07:00,0,22
styles1.css,180,css,fe5c7125,Raghav Dewangan,2025-04-11,14:47:57,-07:00,2025-04-11T14:47:57-07:00,0,19
styles1.css,181,css,fe5c7125,Raghav Dewangan,2025-04-11,14:47:57,-07:00,2025-04-11T14:47:57-07:00,0,0
styles1.css,182,css,2aa8de1e,Raghav Dewangan,2025-04-11,14:58:52,-07:00,2025-04-11T14:58:52-07:00,0,0
styles1.css,183,css,2aa8de1e,Raghav Dewangan,2025-04-11,14:58:52,-07:00,2025-04-11T14:58:52-07:00,0,8
styles1.css,184,css,2aa8de1e,Raghav Dewangan,2025-04-11,14:58:52,-07:00,2025-04-11T14:58:52-07:00,0,13
styles1.css,185,css,2aa8de1e,Raghav Dewangan,2025-04-11,14:58:52,-07:00,2025-04-11T14:58:52-07:00,0,0
styles1.css,186,css,fe5c7125,Raghav Dewangan,2025-04-11,14:47:57,-07:00,2025-04-11T14:47:57-07:00,0,0
styles1.css,187,css,fe5c7125,Raghav Dewangan,2025-04-11,14:47:57,-07:00,2025-04-11T14:47:57-07:00,0,0
styles1.css,188,css,fe5c7125,Raghav Dewangan,2025-04-11,14:47:57,-07:00,2025-04-11T14:47:57-07:00,0,29
styles1.css,189,css,fe5c7125,Raghav Dewangan,2025-04-11,14:47:57,-07:00,2025-04-11T14:47:57-07:00,0,13
styles1.css,190,css,2aa8de1e,Raghav Dewangan,2025-04-11,14:58:52,-07:00,2025-04-11T14:58:52-07:00,0,6
styles1.css,191,css,2aa8de1e,Raghav Dewangan,2025-04-11,14:58:52,-07:00,2025-04-11T14:58:52-07:00,0,17
styles1.css,192,css,2aa8de1e,Raghav Dewangan,2025-04-11,14:58:52,-07:00,2025-04-11T14:58:52-07:00,0,22
styles1.css,193,css,2aa8de1e,Raghav Dewangan,2025-04-11,14:58:52,-07:00,2025-04-11T14:58:52-07:00,0,19
styles1.css,194,css,2aa8de1e,Raghav Dewangan,2025-04-11,14:58:52,-07:00,2025-04-11T14:58:52-07:00,0,21
styles1.css,195,css,2aa8de1e,Raghav Dewangan,2025-04-11,14:58:52,-07:00,2025-04-11T14:58:52-07:00,0,0
styles1.css,196,css,2aa8de1e,Raghav Dewangan,2025-04-11,14:58:52,-07:00,2025-04-11T14:58:52-07:00,0,0
styles1.css,197,css,fe5c7125,Raghav Dewangan,2025-04-11,14:47:57,-07:00,2025-04-11T14:47:57-07:00,0,5
styles1.css,198,css,fe5c7125,Raghav Dewangan,2025-04-11,14:47:57,-07:00,2025-04-11T14:47:57-07:00,0,10
styles1.css,199,css,fe5c7125,Raghav Dewangan,2025-04-11,14:47:57,-07:00,2025-04-11T14:47:57-07:00,0,15
styles1.css,200,css,fe5c7125,Raghav Dewangan,2025-04-11,14:47:57,-07:00,2025-04-11T14:47:57-07:00,0,0
styles1.css,201,css,fe5c7125,Raghav Dewangan,2025-04-11,14:47:57,-07:00,2025-04-11T14:47:57-07:00,0,0
styles1.css,202,css,2aa8de1e,Raghav Dewangan,2025-04-11,14:58:52,-07:00,2025-04-11T14:58:52-07:00,0,4
styles1.css,203,css,2aa8de1e,Raghav Dewangan,2025-04-11,14:58:52,-07:00,2025-04-11T14:58:52-07:00,0,13
styles1.css,204,css,2aa8de1e,Raghav Dewangan,2025-04-11,14:58:52,-07:00,2025-04-11T14:58:52-07:00,0,0
styles1.css,205,css,2aa8de1e,Raghav Dewangan,2025-04-11,14:58:52,-07:00,2025-04-11T14:58:52-07:00,0,0
styles1.css,206,css,fe5c7125,Raghav Dewangan,2025-04-11,14:47:57,-07:00,2025-04-11T14:47:57-07:00,0,8
styles1.css,207,css,fe5c7125,Raghav Dewangan,2025-04-11,14:47:57,-07:00,2025-04-11T14:47:57-07:00,0,16
styles1.css,208,css,2aa8de1e,Raghav Dewangan,2025-04-11,14:58:52,-07:00,2025-04-11T14:58:52-07:00,0,12
styles1.css,209,css,fe5c7125,Raghav Dewangan,2025-04-11,14:47:57,-07:00,2025-04-11T14:47:57-07:00,0,24
styles1.css,210,css,fe5c7125,Raghav Dewangan,2025-04-11,14:47:57,-07:00,2025-04-11T14:47:57-07:00,0,0
styles1.css,211,css,fe5c7125,Raghav Dewangan,2025-04-11,14:47:57,-07:00,2025-04-11T14:47:57-07:00,0,0
styles1.css,212,css,fe5c7125,Raghav Dewangan,2025-04-11,14:47:57,-07:00,2025-04-11T14:47:57-07:00,0,2
styles1.css,213,css,fe5c7125,Raghav Dewangan,2025-04-11,14:47:57,-07:00,2025-04-11T14:47:57-07:00,0,21
styles1.css,214,css,fe5c7125,Raghav Dewangan,2025-04-11,14:47:57,-07:00,2025-04-11T14:47:57-07:00,0,0
styles1.css,215,css,fe5c7125,Raghav Dewangan,2025-04-11,14:47:57,-07:00,2025-04-11T14:47:57-07:00,0,0
styles1.css,216,css,fe5c7125,Raghav Dewangan,2025-04-11,14:47:57,-07:00,2025-04-11T14:47:57-07:00,0,18
styles1.css,217,css,fe5c7125,Raghav Dewangan,2025-04-11,14:47:57,-07:00,2025-04-11T14:47:57-07:00,0,28
styles1.css,218,css,fe5c7125,Raghav Dewangan,2025-04-11,14:47:57,-07:00,2025-04-11T14:47:57-07:00,0,16
styles1.css,219,css,fe5c7125,Raghav Dewangan,2025-04-11,14:47:57,-07:00,2025-04-11T14:47:57-07:00,0,19
styles1.css,220,css,fe5c7125,Raghav Dewangan,2025-04-11,14:47:57,-07:00,2025-04-11T14:47:57-07:00,0,11
styles1.css,221,css,fe5c7125,Raghav Dewangan,2025-04-11,14:47:57,-07:00,2025-04-11T14:47:57-07:00,0,0
styles1.css,222,css,fe5c7125,Raghav Dewangan,2025-04-11,14:47:57,-07:00,2025-04-11T14:47:57-07:00,0,0
styles.css,1,css,3f28eb07,Raghav Dewangan,2025-04-16,13:00:56,-07:00,2025-04-16T13:00:56-07:00,0,6
styles.css,2,css,3f28eb07,Raghav Dewangan,2025-04-16,13:00:56,-07:00,2025-04-16T13:00:56-07:00,0,24
styles.css,3,css,3f28eb07,Raghav Dewangan,2025-04-16,13:00:56,-07:00,2025-04-16T13:00:56-07:00,0,0
styles.css,4,css,3f28eb07,Raghav Dewangan,2025-04-16,13:00:56,-07:00,2025-04-16T13:00:56-07:00,0,0
styles.css,5,css,121641b4,Raghav Dewangan,2025-04-16,22:03:13,-07:00,2025-04-16T22:03:13-07:00,0,0
styles.css,6,css,59f81d76,Raghav Dewangan,2025-04-04,11:52:06,-07:00,2025-04-04T11:52:06-07:00,0,5
styles.css,7,css,3f28eb07,Raghav Dewangan,2025-04-16,13:00:56,-07:00,2025-04-16T13:00:56-07:00,0,24
styles.css,8,css,3f28eb07,Raghav Dewangan,2025-04-16,13:00:56,-07:00,2025-04-16T13:00:56-07:00,0,24
styles.css,9,css,3f28eb07,Raghav Dewangan,2025-04-16,13:00:56,-07:00,2025-04-16T13:00:56-07:00,0,17
styles.css,10,css,3f28eb07,Raghav Dewangan,2025-04-16,13:00:56,-07:00,2025-04-16T13:00:56-07:00,0,33
styles.css,11,css,3f28eb07,Raghav Dewangan,2025-04-16,13:00:56,-07:00,2025-04-16T13:00:56-07:00,0,16
styles.css,12,css,3f28eb07,Raghav Dewangan,2025-04-16,13:00:56,-07:00,2025-04-16T13:00:56-07:00,0,12
styles.css,13,css,3f28eb07,Raghav Dewangan,2025-04-16,13:00:56,-07:00,2025-04-16T13:00:56-07:00,0,15
styles.css,14,css,3f28eb07,Raghav Dewangan,2025-04-16,13:00:56,-07:00,2025-04-16T13:00:56-07:00,0,0
styles.css,15,css,453dec72,Raghav Dewangan,2025-04-10,11:40:19,-07:00,2025-04-10T11:40:19-07:00,0,0
styles.css,16,css,fe5c7125,Raghav Dewangan,2025-04-11,14:47:57,-07:00,2025-04-11T14:47:57-07:00,0,5
styles.css,17,css,fe5c7125,Raghav Dewangan,2025-04-11,14:47:57,-07:00,2025-04-11T14:47:57-07:00,0,24
styles.css,18,css,3f28eb07,Raghav Dewangan,2025-04-16,13:00:56,-07:00,2025-04-16T13:00:56-07:00,0,17
styles.css,19,css,fe5c7125,Raghav Dewangan,2025-04-11,14:47:57,-07:00,2025-04-11T14:47:57-07:00,0,0
styles.css,20,css,fe5c7125,Raghav Dewangan,2025-04-11,14:47:57,-07:00,2025-04-11T14:47:57-07:00,0,0
styles.css,21,css,fe5c7125,Raghav Dewangan,2025-04-11,14:47:57,-07:00,2025-04-11T14:47:57-07:00,0,35
styles.css,22,css,fe5c7125,Raghav Dewangan,2025-04-11,14:47:57,-07:00,2025-04-11T14:47:57-07:00,0,28
styles.css,23,css,fe5c7125,Raghav Dewangan,2025-04-11,14:47:57,-07:00,2025-04-11T14:47:57-07:00,0,16
styles.css,24,css,fe5c7125,Raghav Dewangan,2025-04-11,14:47:57,-07:00,2025-04-11T14:47:57-07:00,0,18
styles.css,25,css,fe5c7125,Raghav Dewangan,2025-04-11,14:47:57,-07:00,2025-04-11T14:47:57-07:00,0,13
styles.css,26,css,fe5c7125,Raghav Dewangan,2025-04-11,14:47:57,-07:00,2025-04-11T14:47:57-07:00,0,20
styles.css,27,css,fe5c7125,Raghav Dewangan,2025-04-11,14:47:57,-07:00,2025-04-11T14:47:57-07:00,0,16
styles.css,28,css,3f28eb07,Raghav Dewangan,2025-04-16,13:00:56,-07:00,2025-04-16T13:00:56-07:00,0,17
styles.css,29,css,fe5c7125,Raghav Dewangan,2025-04-11,14:47:57,-07:00,2025-04-11T14:47:57-07:00,0,0
styles.css,30,css,fe5c7125,Raghav Dewangan,2025-04-11,14:47:57,-07:00,2025-04-11T14:47:57-07:00,0,0
styles.css,31,css,fe5c7125,Raghav Dewangan,2025-04-11,14:47:57,-07:00,2025-04-11T14:47:57-07:00,0,3
styles.css,32,css,3f28eb07,Raghav Dewangan,2025-04-16,13:00:56,-07:00,2025-04-16T13:00:56-07:00,0,35
styles.css,33,css,fe5c7125,Raghav Dewangan,2025-04-11,14:47:57,-07:00,2025-04-11T14:47:57-07:00,0,15
styles.css,34,css,fe5c7125,Raghav Dewangan,2025-04-11,14:47:57,-07:00,2025-04-11T14:47:57-07:00,0,14
styles.css,35,css,fe5c7125,Raghav Dewangan,2025-04-11,14:47:57,-07:00,2025-04-11T14:47:57-07:00,0,0
styles.css,36,css,fe5c7125,Raghav Dewangan,2025-04-11,14:47:57,-07:00,2025-04-11T14:47:57-07:00,0,0
styles.css,37,css,fe5c7125,Raghav Dewangan,2025-04-11,14:47:57,-07:00,2025-04-11T14:47:57-07:00,0,3
styles.css,38,css,fe5c7125,Raghav Dewangan,2025-04-11,14:47:57,-07:00,2025-04-11T14:47:57-07:00,0,38
styles.css,39,css,fe5c7125,Raghav Dewangan,2025-04-11,14:47:57,-07:00,2025-04-11T14:47:57-07:00,0,44
styles.css,40,css,fe5c7125,Raghav Dewangan,2025-04-11,14:47:57,-07:00,2025-04-11T14:47:57-07:00,0,22
styles.css,41,css,fe5c7125,Raghav Dewangan,2025-04-11,14:47:57,-07:00,2025-04-11T14:47:57-07:00,0,21
styles.css,42,css,fe5c7125,Raghav Dewangan,2025-04-11,14:47:57,-07:00,2025-04-11T14:47:57-07:00,0,0
styles.css,43,css,fe5c7125,Raghav Dewangan,2025-04-11,14:47:57,-07:00,2025-04-11T14:47:57-07:00,0,0
styles.css,44,css,fe5c7125,Raghav Dewangan,2025-04-11,14:47:57,-07:00,2025-04-11T14:47:57-07:00,0,3
styles.css,45,css,fe5c7125,Raghav Dewangan,2025-04-11,14:47:57,-07:00,2025-04-11T14:47:57-07:00,0,17
styles.css,46,css,fe5c7125,Raghav Dewangan,2025-04-11,14:47:57,-07:00,2025-04-11T14:47:57-07:00,0,0
styles.css,47,css,fe5c7125,Raghav Dewangan,2025-04-11,14:47:57,-07:00,2025-04-11T14:47:57-07:00,0,0
styles.css,48,css,fe5c7125,Raghav Dewangan,2025-04-11,14:47:57,-07:00,2025-04-11T14:47:57-07:00,0,3
styles.css,49,css,fe5c7125,Raghav Dewangan,2025-04-11,14:47:57,-07:00,2025-04-11T14:47:57-07:00,0,18
styles.css,50,css,fe5c7125,Raghav Dewangan,2025-04-11,14:47:57,-07:00,2025-04-11T14:47:57-07:00,0,0
styles.css,51,css,fe5c7125,Raghav Dewangan,2025-04-11,14:47:57,-07:00,2025-04-11T14:47:57-07:00,0,0
styles.css,52,css,fe5c7125,Raghav Dewangan,2025-04-11,14:47:57,-07:00,2025-04-11T14:47:57-07:00,0,3
styles.css,53,css,fe5c7125,Raghav Dewangan,2025-04-11,14:47:57,-07:00,2025-04-11T14:47:57-07:00,0,19
styles.css,54,css,fe5c7125,Raghav Dewangan,2025-04-11,14:47:57,-07:00,2025-04-11T14:47:57-07:00,0,0
styles.css,55,css,fe5c7125,Raghav Dewangan,2025-04-11,14:47:57,-07:00,2025-04-11T14:47:57-07:00,0,0
styles.css,56,css,fe5c7125,Raghav Dewangan,2025-04-11,14:47:57,-07:00,2025-04-11T14:47:57-07:00,0,3
styles.css,57,css,fe5c7125,Raghav Dewangan,2025-04-11,14:47:57,-07:00,2025-04-11T14:47:57-07:00,0,15
styles.css,58,css,fe5c7125,Raghav Dewangan,2025-04-11,14:47:57,-07:00,2025-04-11T14:47:57-07:00,0,25
styles.css,59,css,fe5c7125,Raghav Dewangan,2025-04-11,14:47:57,-07:00,2025-04-11T14:47:57-07:00,0,22
styles.css,60,css,fe5c7125,Raghav Dewangan,2025-04-11,14:47:57,-07:00,2025-04-11T14:47:57-07:00,0,0
styles.css,61,css,fe5c7125,Raghav Dewangan,2025-04-11,14:47:57,-07:00,2025-04-11T14:47:57-07:00,0,0
styles.css,62,css,4f570202,Raghav Dewangan,2025-04-10,12:10:42,-07:00,2025-04-10T12:10:42-07:00,0,46
styles.css,63,css,4f570202,Raghav Dewangan,2025-04-10,12:10:42,-07:00,2025-04-10T12:10:42-07:00,0,47
styles.css,64,css,4f570202,Raghav Dewangan,2025-04-10,12:10:42,-07:00,2025-04-10T12:10:42-07:00,0,48
styles.css,65,css,4f570202,Raghav Dewangan,2025-04-10,12:10:42,-07:00,2025-04-10T12:10:42-07:00,0,51
styles.css,66,css,4f570202,Raghav Dewangan,2025-04-10,12:10:42,-07:00,2025-04-10T12:10:42-07:00,0,46
styles.css,67,css,4f570202,Raghav Dewangan,2025-04-10,12:10:42,-07:00,2025-04-10T12:10:42-07:00,0,46
styles.css,68,css,4f570202,Raghav Dewangan,2025-04-10,12:10:42,-07:00,2025-04-10T12:10:42-07:00,0,58
styles.css,69,css,4f570202,Raghav Dewangan,2025-04-10,12:10:42,-07:00,2025-04-10T12:10:42-07:00,0,63
styles.css,70,css,4f570202,Raghav Dewangan,2025-04-10,12:10:42,-07:00,2025-04-10T12:10:42-07:00,0,0
styles.css,71,css,4f570202,Raghav Dewangan,2025-04-10,12:10:42,-07:00,2025-04-10T12:10:42-07:00,0,0
styles.css,72,css,453dec72,Raghav Dewangan,2025-04-10,11:40:19,-07:00,2025-04-10T11:40:19-07:00,0,6
styles.css,73,css,453dec72,Raghav Dewangan,2025-04-10,11:40:19,-07:00,2025-04-10T11:40:19-07:00,0,63
styles.css,74,css,453dec72,Raghav Dewangan,2025-04-10,11:40:19,-07:00,2025-04-10T11:40:19-07:00,0,0
styles.css,75,css,453dec72,Raghav Dewangan,2025-04-10,11:40:19,-07:00,2025-04-10T11:40:19-07:00,0,0
styles.css,76,css,453dec72,Raghav Dewangan,2025-04-10,11:40:19,-07:00,2025-04-10T11:40:19-07:00,0,7
styles.css,77,css,453dec72,Raghav Dewangan,2025-04-10,11:40:19,-07:00,2025-04-10T11:40:19-07:00,0,64
styles.css,78,css,453dec72,Raghav Dewangan,2025-04-10,11:40:19,-07:00,2025-04-10T11:40:19-07:00,0,0
styles.css,79,css,453dec72,Raghav Dewangan,2025-04-10,11:40:19,-07:00,2025-04-10T11:40:19-07:00,0,0
styles.css,80,css,453dec72,Raghav Dewangan,2025-04-10,11:40:19,-07:00,2025-04-10T11:40:19-07:00,0,7
styles.css,81,css,453dec72,Raghav Dewangan,2025-04-10,11:40:19,-07:00,2025-04-10T11:40:19-07:00,0,50
styles.css,82,css,453dec72,Raghav Dewangan,2025-04-10,11:40:19,-07:00,2025-04-10T11:40:19-07:00,0,0
styles.css,83,css,3f28eb07,Raghav Dewangan,2025-04-16,13:00:56,-07:00,2025-04-16T13:00:56-07:00,0,0
styles.css,84,css,453dec72,Raghav Dewangan,2025-04-10,11:40:19,-07:00,2025-04-10T11:40:19-07:00,0,4
styles.css,85,css,453dec72,Raghav Dewangan,2025-04-10,11:40:19,-07:00,2025-04-10T11:40:19-07:00,0,13
styles.css,86,css,453dec72,Raghav Dewangan,2025-04-10,11:40:19,-07:00,2025-04-10T11:40:19-07:00,0,30
styles.css,87,css,453dec72,Raghav Dewangan,2025-04-10,11:40:19,-07:00,2025-04-10T11:40:19-07:00,0,19
styles.css,88,css,453dec72,Raghav Dewangan,2025-04-10,11:40:19,-07:00,2025-04-10T11:40:19-07:00,0,61
styles.css,89,css,3f28eb07,Raghav Dewangan,2025-04-16,13:00:56,-07:00,2025-04-16T13:00:56-07:00,0,40
styles.css,90,css,3f28eb07,Raghav Dewangan,2025-04-16,13:00:56,-07:00,2025-04-16T13:00:56-07:00,0,44
styles.css,91,css,453dec72,Raghav Dewangan,2025-04-10,11:40:19,-07:00,2025-04-10T11:40:19-07:00,0,57
styles.css,92,css,453dec72,Raghav Dewangan,2025-04-10,11:40:19,-07:00,2025-04-10T11:40:19-07:00,0,0
styles.css,93,css,453dec72,Raghav Dewangan,2025-04-10,11:40:19,-07:00,2025-04-10T11:40:19-07:00,0,0
styles.css,94,css,453dec72,Raghav Dewangan,2025-04-10,11:40:19,-07:00,2025-04-10T11:40:19-07:00,0,6
styles.css,95,css,453dec72,Raghav Dewangan,2025-04-10,11:40:19,-07:00,2025-04-10T11:40:19-07:00,0,49
styles.css,96,css,453dec72,Raghav Dewangan,2025-04-10,11:40:19,-07:00,2025-04-10T11:40:19-07:00,0,63
styles.css,97,css,453dec72,Raghav Dewangan,2025-04-10,11:40:19,-07:00,2025-04-10T11:40:19-07:00,0,48
styles.css,98,css,453dec72,Raghav Dewangan,2025-04-10,11:40:19,-07:00,2025-04-10T11:40:19-07:00,0,58
styles.css,99,css,453dec72,Raghav Dewangan,2025-04-10,11:40:19,-07:00,2025-04-10T11:40:19-07:00,0,76
styles.css,100,css,453dec72,Raghav Dewangan,2025-04-10,11:40:19,-07:00,2025-04-10T11:40:19-07:00,0,0
styles.css,101,css,453dec72,Raghav Dewangan,2025-04-10,11:40:19,-07:00,2025-04-10T11:40:19-07:00,0,0
styles.css,102,css,453dec72,Raghav Dewangan,2025-04-10,11:40:19,-07:00,2025-04-10T11:40:19-07:00,0,14
styles.css,103,css,453dec72,Raghav Dewangan,2025-04-10,11:40:19,-07:00,2025-04-10T11:40:19-07:00,0,89
styles.css,104,css,453dec72,Raghav Dewangan,2025-04-10,11:40:19,-07:00,2025-04-10T11:40:19-07:00,0,83
styles.css,105,css,453dec72,Raghav Dewangan,2025-04-10,11:40:19,-07:00,2025-04-10T11:40:19-07:00,0,63
styles.css,106,css,453dec72,Raghav Dewangan,2025-04-10,11:40:19,-07:00,2025-04-10T11:40:19-07:00,0,68
styles.css,107,css,453dec72,Raghav Dewangan,2025-04-10,11:40:19,-07:00,2025-04-10T11:40:19-07:00,0,0
styles.css,108,css,453dec72,Raghav Dewangan,2025-04-10,11:40:19,-07:00,2025-04-10T11:40:19-07:00,0,0
styles.css,109,css,453dec72,Raghav Dewangan,2025-04-10,11:40:19,-07:00,2025-04-10T11:40:19-07:00,0,12
styles.css,110,css,3f28eb07,Raghav Dewangan,2025-04-16,13:00:56,-07:00,2025-04-16T13:00:56-07:00,0,70
styles.css,111,css,453dec72,Raghav Dewangan,2025-04-10,11:40:19,-07:00,2025-04-10T11:40:19-07:00,0,46
styles.css,112,css,453dec72,Raghav Dewangan,2025-04-10,11:40:19,-07:00,2025-04-10T11:40:19-07:00,0,0
styles.css,113,css,453dec72,Raghav Dewangan,2025-04-10,11:40:19,-07:00,2025-04-10T11:40:19-07:00,0,0
styles.css,114,css,453dec72,Raghav Dewangan,2025-04-10,11:40:19,-07:00,2025-04-10T11:40:19-07:00,0,20
styles.css,115,css,453dec72,Raghav Dewangan,2025-04-10,11:40:19,-07:00,2025-04-10T11:40:19-07:00,0,44
styles.css,116,css,453dec72,Raghav Dewangan,2025-04-10,11:40:19,-07:00,2025-04-10T11:40:19-07:00,0,0
styles.css,117,css,453dec72,Raghav Dewangan,2025-04-10,11:40:19,-07:00,2025-04-10T11:40:19-07:00,0,0
styles.css,118,css,453dec72,Raghav Dewangan,2025-04-10,11:40:19,-07:00,2025-04-10T11:40:19-07:00,0,16
styles.css,119,css,453dec72,Raghav Dewangan,2025-04-10,11:40:19,-07:00,2025-04-10T11:40:19-07:00,0,0
styles.css,120,css,453dec72,Raghav Dewangan,2025-04-10,11:40:19,-07:00,2025-04-10T11:40:19-07:00,0,5
styles.css,121,css,453dec72,Raghav Dewangan,2025-04-10,11:40:19,-07:00,2025-04-10T11:40:19-07:00,0,13
styles.css,122,css,453dec72,Raghav Dewangan,2025-04-10,11:40:19,-07:00,2025-04-10T11:40:19-07:00,0,61
styles.css,123,css,453dec72,Raghav Dewangan,2025-04-10,11:40:19,-07:00,2025-04-10T11:40:19-07:00,0,57
styles.css,124,css,453dec72,Raghav Dewangan,2025-04-10,11:40:19,-07:00,2025-04-10T11:40:19-07:00,0,58
styles.css,125,css,453dec72,Raghav Dewangan,2025-04-10,11:40:19,-07:00,2025-04-10T11:40:19-07:00,0,46
styles.css,126,css,453dec72,Raghav Dewangan,2025-04-10,11:40:19,-07:00,2025-04-10T11:40:19-07:00,0,0
styles.css,127,css,453dec72,Raghav Dewangan,2025-04-10,11:40:19,-07:00,2025-04-10T11:40:19-07:00,0,0
styles.css,128,css,453dec72,Raghav Dewangan,2025-04-10,11:40:19,-07:00,2025-04-10T11:40:19-07:00,0,71
styles.css,129,css,453dec72,Raghav Dewangan,2025-04-10,11:40:19,-07:00,2025-04-10T11:40:19-07:00,0,5
styles.css,130,css,453dec72,Raghav Dewangan,2025-04-10,11:40:19,-07:00,2025-04-10T11:40:19-07:00,0,5
styles.css,131,css,453dec72,Raghav Dewangan,2025-04-10,11:40:19,-07:00,2025-04-10T11:40:19-07:00,0,8
styles.css,132,css,3f28eb07,Raghav Dewangan,2025-04-16,13:00:56,-07:00,2025-04-16T13:00:56-07:00,0,6
styles.css,133,css,453dec72,Raghav Dewangan,2025-04-10,11:40:19,-07:00,2025-04-10T11:40:19-07:00,0,77
styles.css,134,css,453dec72,Raghav Dewangan,2025-04-10,11:40:19,-07:00,2025-04-10T11:40:19-07:00,0,87
styles.css,135,css,453dec72,Raghav Dewangan,2025-04-10,11:40:19,-07:00,2025-04-10T11:40:19-07:00,0,82
styles.css,136,css,453dec72,Raghav Dewangan,2025-04-10,11:40:19,-07:00,2025-04-10T11:40:19-07:00,0,0
styles.css,137,css,453dec72,Raghav Dewangan,2025-04-10,11:40:19,-07:00,2025-04-10T11:40:19-07:00,0,0
styles.css,138,css,453dec72,Raghav Dewangan,2025-04-10,11:40:19,-07:00,2025-04-10T11:40:19-07:00,0,6
styles.css,139,css,453dec72,Raghav Dewangan,2025-04-10,11:40:19,-07:00,2025-04-10T11:40:19-07:00,0,66
styles.css,140,css,453dec72,Raghav Dewangan,2025-04-10,11:40:19,-07:00,2025-04-10T11:40:19-07:00,0,58
styles.css,141,css,453dec72,Raghav Dewangan,2025-04-10,11:40:19,-07:00,2025-04-10T11:40:19-07:00,0,0
styles.css,142,css,453dec72,Raghav Dewangan,2025-04-10,11:40:19,-07:00,2025-04-10T11:40:19-07:00,0,0
styles.css,143,css,453dec72,Raghav Dewangan,2025-04-10,11:40:19,-07:00,2025-04-10T11:40:19-07:00,0,31
styles.css,144,css,453dec72,Raghav Dewangan,2025-04-10,11:40:19,-07:00,2025-04-10T11:40:19-07:00,0,16
styles.css,145,css,453dec72,Raghav Dewangan,2025-04-10,11:40:19,-07:00,2025-04-10T11:40:19-07:00,0,69
styles.css,146,css,453dec72,Raghav Dewangan,2025-04-10,11:40:19,-07:00,2025-04-10T11:40:19-07:00,0,48
styles.css,147,css,453dec72,Raghav Dewangan,2025-04-10,11:40:19,-07:00,2025-04-10T11:40:19-07:00,0,58
styles.css,148,css,453dec72,Raghav Dewangan,2025-04-10,11:40:19,-07:00,2025-04-10T11:40:19-07:00,0,80
styles.css,149,css,453dec72,Raghav Dewangan,2025-04-10,11:40:19,-07:00,2025-04-10T11:40:19-07:00,0,0
styles.css,150,css,453dec72,Raghav Dewangan,2025-04-10,11:40:19,-07:00,2025-04-10T11:40:19-07:00,0,0
styles.css,151,css,453dec72,Raghav Dewangan,2025-04-10,11:40:19,-07:00,2025-04-10T11:40:19-07:00,0,29
styles.css,152,css,453dec72,Raghav Dewangan,2025-04-10,11:40:19,-07:00,2025-04-10T11:40:19-07:00,0,7
styles.css,153,css,453dec72,Raghav Dewangan,2025-04-10,11:40:19,-07:00,2025-04-10T11:40:19-07:00,0,57
styles.css,154,css,453dec72,Raghav Dewangan,2025-04-10,11:40:19,-07:00,2025-04-10T11:40:19-07:00,0,61
styles.css,155,css,453dec72,Raghav Dewangan,2025-04-10,11:40:19,-07:00,2025-04-10T11:40:19-07:00,0,41
styles.css,156,css,453dec72,Raghav Dewangan,2025-04-10,11:40:19,-07:00,2025-04-10T11:40:19-07:00,0,52
styles.css,157,css,453dec72,Raghav Dewangan,2025-04-10,11:40:19,-07:00,2025-04-10T11:40:19-07:00,0,46
styles.css,158,css,453dec72,Raghav Dewangan,2025-04-10,11:40:19,-07:00,2025-04-10T11:40:19-07:00,0,67
styles.css,159,css,453dec72,Raghav Dewangan,2025-04-10,11:40:19,-07:00,2025-04-10T11:40:19-07:00,0,57
styles.css,160,css,453dec72,Raghav Dewangan,2025-04-10,11:40:19,-07:00,2025-04-10T11:40:19-07:00,0,0
styles.css,161,css,453dec72,Raghav Dewangan,2025-04-10,11:40:19,-07:00,2025-04-10T11:40:19-07:00,0,0
styles.css,162,css,453dec72,Raghav Dewangan,2025-04-10,11:40:19,-07:00,2025-04-10T11:40:19-07:00,0,40
styles.css,163,css,453dec72,Raghav Dewangan,2025-04-10,11:40:19,-07:00,2025-04-10T11:40:19-07:00,0,13
styles.css,164,css,453dec72,Raghav Dewangan,2025-04-10,11:40:19,-07:00,2025-04-10T11:40:19-07:00,0,54
styles.css,165,css,453dec72,Raghav Dewangan,2025-04-10,11:40:19,-07:00,2025-04-10T11:40:19-07:00,0,0
styles.css,166,css,3707cdd1,Raghav Dewangan,2025-04-10,12:09:21,-07:00,2025-04-10T12:09:21-07:00,0,0
styles.css,167,css,3707cdd1,Raghav Dewangan,2025-04-10,12:09:21,-07:00,2025-04-10T12:09:21-07:00,0,11
styles.css,168,css,3707cdd1,Raghav Dewangan,2025-04-10,12:09:21,-07:00,2025-04-10T12:09:21-07:00,0,10
styles.css,169,css,fe5c7125,Raghav Dewangan,2025-04-11,14:47:57,-07:00,2025-04-11T14:47:57-07:00,0,13
styles.css,170,css,fe5c7125,Raghav Dewangan,2025-04-11,14:47:57,-07:00,2025-04-11T14:47:57-07:00,0,60
styles.css,171,css,fe5c7125,Raghav Dewangan,2025-04-11,14:47:57,-07:00,2025-04-11T14:47:57-07:00,0,9
styles.css,172,css,fe5c7125,Raghav Dewangan,2025-04-11,14:47:57,-07:00,2025-04-11T14:47:57-07:00,0,15
styles.css,173,css,3707cdd1,Raghav Dewangan,2025-04-10,12:09:21,-07:00,2025-04-10T12:09:21-07:00,0,0
styles.css,174,css,3707cdd1,Raghav Dewangan,2025-04-10,12:09:21,-07:00,2025-04-10T12:09:21-07:00,0,0
styles.css,175,css,3707cdd1,Raghav Dewangan,2025-04-10,12:09:21,-07:00,2025-04-10T12:09:21-07:00,0,18
styles.css,176,css,fe5c7125,Raghav Dewangan,2025-04-11,14:47:57,-07:00,2025-04-11T14:47:57-07:00,0,13
styles.css,177,css,fe5c7125,Raghav Dewangan,2025-04-11,14:47:57,-07:00,2025-04-11T14:47:57-07:00,0,60
styles.css,178,css,fe5c7125,Raghav Dewangan,2025-04-11,14:47:57,-07:00,2025-04-11T14:47:57-07:00,0,48
styles.css,179,css,fe5c7125,Raghav Dewangan,2025-04-11,14:47:57,-07:00,2025-04-11T14:47:57-07:00,0,31
styles.css,180,css,fe5c7125,Raghav Dewangan,2025-04-11,14:47:57,-07:00,2025-04-11T14:47:57-07:00,0,0
styles.css,181,css,3f28eb07,Raghav Dewangan,2025-04-16,13:00:56,-07:00,2025-04-16T13:00:56-07:00,0,24
styles.css,182,css,3f28eb07,Raghav Dewangan,2025-04-16,13:00:56,-07:00,2025-04-16T13:00:56-07:00,0,37
styles.css,183,css,fe5c7125,Raghav Dewangan,2025-04-11,14:47:57,-07:00,2025-04-11T14:47:57-07:00,0,18
styles.css,184,css,fe5c7125,Raghav Dewangan,2025-04-11,14:47:57,-07:00,2025-04-11T14:47:57-07:00,0,15
styles.css,185,css,fe5c7125,Raghav Dewangan,2025-04-11,14:47:57,-07:00,2025-04-11T14:47:57-07:00,0,53
styles.css,186,css,3707cdd1,Raghav Dewangan,2025-04-10,12:09:21,-07:00,2025-04-10T12:09:21-07:00,0,0
styles.css,187,css,3707cdd1,Raghav Dewangan,2025-04-10,12:09:21,-07:00,2025-04-10T12:09:21-07:00,0,0
styles.css,188,css,3707cdd1,Raghav Dewangan,2025-04-10,12:09:21,-07:00,2025-04-10T12:09:21-07:00,0,21
styles.css,189,css,fe5c7125,Raghav Dewangan,2025-04-11,14:47:57,-07:00,2025-04-11T14:47:57-07:00,0,46
styles.css,190,css,3707cdd1,Raghav Dewangan,2025-04-10,12:09:21,-07:00,2025-04-10T12:09:21-07:00,0,18
styles.css,191,css,3f28eb07,Raghav Dewangan,2025-04-16,13:00:56,-07:00,2025-04-16T13:00:56-07:00,0,17
styles.css,192,css,fe5c7125,Raghav Dewangan,2025-04-11,14:47:57,-07:00,2025-04-11T14:47:57-07:00,0,56
styles.css,193,css,3707cdd1,Raghav Dewangan,2025-04-10,12:09:21,-07:00,2025-04-10T12:09:21-07:00,0,0
styles.css,194,css,3707cdd1,Raghav Dewangan,2025-04-10,12:09:21,-07:00,2025-04-10T12:09:21-07:00,0,0
styles.css,195,css,3707cdd1,Raghav Dewangan,2025-04-10,12:09:21,-07:00,2025-04-10T12:09:21-07:00,0,22
styles.css,196,css,fe5c7125,Raghav Dewangan,2025-04-11,14:47:57,-07:00,2025-04-11T14:47:57-07:00,0,11
styles.css,197,css,fe5c7125,Raghav Dewangan,2025-04-11,14:47:57,-07:00,2025-04-11T14:47:57-07:00,0,13
styles.css,198,css,fe5c7125,Raghav Dewangan,2025-04-11,14:47:57,-07:00,2025-04-11T14:47:57-07:00,0,17
styles.css,199,css,fe5c7125,Raghav Dewangan,2025-04-11,14:47:57,-07:00,2025-04-11T14:47:57-07:00,0,18
styles.css,200,css,fe5c7125,Raghav Dewangan,2025-04-11,14:47:57,-07:00,2025-04-11T14:47:57-07:00,0,48
styles.css,201,css,3707cdd1,Raghav Dewangan,2025-04-10,12:09:21,-07:00,2025-04-10T12:09:21-07:00,0,0
styles.css,202,css,3707cdd1,Raghav Dewangan,2025-04-10,12:09:21,-07:00,2025-04-10T12:09:21-07:00,0,0
styles.css,203,css,3707cdd1,Raghav Dewangan,2025-04-10,12:09:21,-07:00,2025-04-10T12:09:21-07:00,0,20
styles.css,204,css,fe5c7125,Raghav Dewangan,2025-04-11,14:47:57,-07:00,2025-04-11T14:47:57-07:00,0,48
styles.css,205,css,3707cdd1,Raghav Dewangan,2025-04-10,12:09:21,-07:00,2025-04-10T12:09:21-07:00,0,15
styles.css,206,css,3f28eb07,Raghav Dewangan,2025-04-16,13:00:56,-07:00,2025-04-16T13:00:56-07:00,0,17
styles.css,207,css,fe5c7125,Raghav Dewangan,2025-04-11,14:47:57,-07:00,2025-04-11T14:47:57-07:00,0,16
styles.css,208,css,fe5c7125,Raghav Dewangan,2025-04-11,14:47:57,-07:00,2025-04-11T14:47:57-07:00,0,57
styles.css,209,css,fe5c7125,Raghav Dewangan,2025-04-11,14:47:57,-07:00,2025-04-11T14:47:57-07:00,0,0
styles.css,210,css,fe5c7125,Raghav Dewangan,2025-04-11,14:47:57,-07:00,2025-04-11T14:47:57-07:00,0,0
styles.css,211,css,fe5c7125,Raghav Dewangan,2025-04-11,14:47:57,-07:00,2025-04-11T14:47:57-07:00,0,13
styles.css,212,css,fe5c7125,Raghav Dewangan,2025-04-11,14:47:57,-07:00,2025-04-11T14:47:57-07:00,0,19
styles.css,213,css,fe5c7125,Raghav Dewangan,2025-04-11,14:47:57,-07:00,2025-04-11T14:47:57-07:00,0,17
styles.css,214,css,fe5c7125,Raghav Dewangan,2025-04-11,14:47:57,-07:00,2025-04-11T14:47:57-07:00,0,14
styles.css,215,css,fe5c7125,Raghav Dewangan,2025-04-11,14:47:57,-07:00,2025-04-11T14:47:57-07:00,0,35
styles.css,216,css,fe5c7125,Raghav Dewangan,2025-04-11,14:47:57,-07:00,2025-04-11T14:47:57-07:00,0,0
styles.css,217,css,fe5c7125,Raghav Dewangan,2025-04-11,14:47:57,-07:00,2025-04-11T14:47:57-07:00,0,0
styles.css,218,css,fe5c7125,Raghav Dewangan,2025-04-11,14:47:57,-07:00,2025-04-11T14:47:57-07:00,0,45
styles.css,219,css,fe5c7125,Raghav Dewangan,2025-04-11,14:47:57,-07:00,2025-04-11T14:47:57-07:00,0,6
styles.css,220,css,fe5c7125,Raghav Dewangan,2025-04-11,14:47:57,-07:00,2025-04-11T14:47:57-07:00,0,5
styles.css,221,css,fe5c7125,Raghav Dewangan,2025-04-11,14:47:57,-07:00,2025-04-11T14:47:57-07:00,0,18
styles.css,222,css,fe5c7125,Raghav Dewangan,2025-04-11,14:47:57,-07:00,2025-04-11T14:47:57-07:00,0,26
styles.css,223,css,fe5c7125,Raghav Dewangan,2025-04-11,14:47:57,-07:00,2025-04-11T14:47:57-07:00,0,0
styles.css,224,css,fe5c7125,Raghav Dewangan,2025-04-11,14:47:57,-07:00,2025-04-11T14:47:57-07:00,0,0
styles.css,225,css,fe5c7125,Raghav Dewangan,2025-04-11,14:47:57,-07:00,2025-04-11T14:47:57-07:00,0,5
styles.css,226,css,fe5c7125,Raghav Dewangan,2025-04-11,14:47:57,-07:00,2025-04-11T14:47:57-07:00,0,15
styles.css,227,css,fe5c7125,Raghav Dewangan,2025-04-11,14:47:57,-07:00,2025-04-11T14:47:57-07:00,0,16
styles.css,228,css,fe5c7125,Raghav Dewangan,2025-04-11,14:47:57,-07:00,2025-04-11T14:47:57-07:00,0,0
styles.css,229,css,f58164a2,Raghav Dewangan,2025-04-24,11:07:32,-07:00,2025-04-24T11:07:32-07:00,0,0
styles.css,230,css,f58164a2,Raghav Dewangan,2025-04-24,11:07:32,-07:00,2025-04-24T11:07:32-07:00,0,0
styles.css,231,css,f58164a2,Raghav Dewangan,2025-04-24,11:07:32,-07:00,2025-04-24T11:07:32-07:00,0,29
styles.css,232,css,f58164a2,Raghav Dewangan,2025-04-24,11:07:32,-07:00,2025-04-24T11:07:32-07:00,0,18
styles.css,233,css,f58164a2,Raghav Dewangan,2025-04-24,11:07:32,-07:00,2025-04-24T11:07:32-07:00,0,13
styles.css,234,css,f58164a2,Raghav Dewangan,2025-04-24,11:07:32,-07:00,2025-04-24T11:07:32-07:00,0,69
styles.css,235,css,f58164a2,Raghav Dewangan,2025-04-24,11:07:32,-07:00,2025-04-24T11:07:32-07:00,0,43
styles.css,236,css,f58164a2,Raghav Dewangan,2025-04-24,11:07:32,-07:00,2025-04-24T11:07:32-07:00,0,10
styles.css,237,css,f58164a2,Raghav Dewangan,2025-04-24,11:07:32,-07:00,2025-04-24T11:07:32-07:00,0,11
styles.css,238,css,f58164a2,Raghav Dewangan,2025-04-24,11:07:32,-07:00,2025-04-24T11:07:32-07:00,0,52
styles.css,239,css,f58164a2,Raghav Dewangan,2025-04-24,11:07:32,-07:00,2025-04-24T11:07:32-07:00,0,57
styles.css,240,css,f58164a2,Raghav Dewangan,2025-04-24,11:07:32,-07:00,2025-04-24T11:07:32-07:00,0,55
styles.css,241,css,f58164a2,Raghav Dewangan,2025-04-24,11:07:32,-07:00,2025-04-24T11:07:32-07:00,0,0
styles.css,242,css,f58164a2,Raghav Dewangan,2025-04-24,11:07:32,-07:00,2025-04-24T11:07:32-07:00,0,0
styles.css,243,css,f58164a2,Raghav Dewangan,2025-04-24,11:07:32,-07:00,2025-04-24T11:07:32-07:00,0,18
styles.css,244,css,f58164a2,Raghav Dewangan,2025-04-24,11:07:32,-07:00,2025-04-24T11:07:32-07:00,0,17
styles.css,245,css,f58164a2,Raghav Dewangan,2025-04-24,11:07:32,-07:00,2025-04-24T11:07:32-07:00,0,11
styles.css,246,css,f58164a2,Raghav Dewangan,2025-04-24,11:07:32,-07:00,2025-04-24T11:07:32-07:00,0,0
styles.css,247,css,f58164a2,Raghav Dewangan,2025-04-24,11:07:32,-07:00,2025-04-24T11:07:32-07:00,0,0
styles.css,248,css,f58164a2,Raghav Dewangan,2025-04-24,11:07:32,-07:00,2025-04-24T11:07:32-07:00,0,18
styles.css,249,css,f58164a2,Raghav Dewangan,2025-04-24,11:07:32,-07:00,2025-04-24T11:07:32-07:00,0,11
styles.css,250,css,f58164a2,Raghav Dewangan,2025-04-24,11:07:32,-07:00,2025-04-24T11:07:32-07:00,0,17
styles.css,251,css,f58164a2,Raghav Dewangan,2025-04-24,11:07:32,-07:00,2025-04-24T11:07:32-07:00,0,0
styles.css,252,css,f58164a2,Raghav Dewangan,2025-04-24,11:07:32,-07:00,2025-04-24T11:07:32-07:00,0,0
styles.css,253,css,f58164a2,Raghav Dewangan,2025-04-24,11:07:32,-07:00,2025-04-24T11:07:32-07:00,0,18
styles.css,254,css,f58164a2,Raghav Dewangan,2025-04-24,11:07:32,-07:00,2025-04-24T11:07:32-07:00,0,17
styles.css,255,css,f58164a2,Raghav Dewangan,2025-04-24,11:07:32,-07:00,2025-04-24T11:07:32-07:00,0,11
styles.css,256,css,f58164a2,Raghav Dewangan,2025-04-24,11:07:32,-07:00,2025-04-24T11:07:32-07:00,0,19
styles.css,257,css,f58164a2,Raghav Dewangan,2025-04-24,11:07:32,-07:00,2025-04-24T11:07:32-07:00,0,0
styles.css,258,css,f58164a2,Raghav Dewangan,2025-04-24,11:07:32,-07:00,2025-04-24T11:07:32-07:00,0,0
styles.css,259,css,f58164a2,Raghav Dewangan,2025-04-24,11:07:32,-07:00,2025-04-24T11:07:32-07:00,0,35
styles.css,260,css,f58164a2,Raghav Dewangan,2025-04-24,11:07:32,-07:00,2025-04-24T11:07:32-07:00,0,19
styles.css,261,css,f58164a2,Raghav Dewangan,2025-04-24,11:07:32,-07:00,2025-04-24T11:07:32-07:00,0,44
styles.css,262,css,f58164a2,Raghav Dewangan,2025-04-24,11:07:32,-07:00,2025-04-24T11:07:32-07:00,0,64
styles.css,263,css,f58164a2,Raghav Dewangan,2025-04-24,11:07:32,-07:00,2025-04-24T11:07:32-07:00,0,41
styles.css,264,css,f58164a2,Raghav Dewangan,2025-04-24,11:07:32,-07:00,2025-04-24T11:07:32-07:00,0,38
styles.css,265,css,f58164a2,Raghav Dewangan,2025-04-24,11:07:32,-07:00,2025-04-24T11:07:32-07:00,0,19
styles.css,266,css,2fe3ab70,Raghav Dewangan,2025-04-30,11:02:17,-07:00,2025-04-30T11:02:17-07:00,0,0
styles.css,267,css,2fe3ab70,Raghav Dewangan,2025-04-30,11:02:17,-07:00,2025-04-30T11:02:17-07:00,0,0
styles.css,268,css,2fe3ab70,Raghav Dewangan,2025-04-30,11:02:17,-07:00,2025-04-30T11:02:17-07:00,0,21
styles.css,269,css,2fe3ab70,Raghav Dewangan,2025-04-30,11:02:17,-07:00,2025-04-30T11:02:17-07:00,0,19
styles.css,270,css,2fe3ab70,Raghav Dewangan,2025-04-30,11:02:17,-07:00,2025-04-30T11:02:17-07:00,0,15
styles.css,271,css,2fe3ab70,Raghav Dewangan,2025-04-30,11:02:17,-07:00,2025-04-30T11:02:17-07:00,0,17
styles.css,272,css,2fe3ab70,Raghav Dewangan,2025-04-30,11:02:17,-07:00,2025-04-30T11:02:17-07:00,0,0
styles.css,273,css,2fe3ab70,Raghav Dewangan,2025-04-30,11:02:17,-07:00,2025-04-30T11:02:17-07:00,0,17
styles.css,274,css,2fe3ab70,Raghav Dewangan,2025-04-30,11:02:17,-07:00,2025-04-30T11:02:17-07:00,0,0
styles.css,275,css,2fe3ab70,Raghav Dewangan,2025-04-30,11:02:17,-07:00,2025-04-30T11:02:17-07:00,0,0
styles.css,276,css,2fe3ab70,Raghav Dewangan,2025-04-30,11:02:17,-07:00,2025-04-30T11:02:17-07:00,0,8
styles.css,277,css,2fe3ab70,Raghav Dewangan,2025-04-30,11:02:17,-07:00,2025-04-30T11:02:17-07:00,0,13
styles.css,278,css,2fe3ab70,Raghav Dewangan,2025-04-30,11:02:17,-07:00,2025-04-30T11:02:17-07:00,0,58
styles.css,279,css,2fe3ab70,Raghav Dewangan,2025-04-30,11:02:17,-07:00,2025-04-30T11:02:17-07:00,0,44
styles.css,280,css,2fe3ab70,Raghav Dewangan,2025-04-30,11:02:17,-07:00,2025-04-30T11:02:17-07:00,0,15
styles.css,281,css,2fe3ab70,Raghav Dewangan,2025-04-30,11:02:17,-07:00,2025-04-30T11:02:17-07:00,0,14
styles.css,282,css,2fe3ab70,Raghav Dewangan,2025-04-30,11:02:17,-07:00,2025-04-30T11:02:17-07:00,0,25
styles.css,283,css,2fe3ab70,Raghav Dewangan,2025-04-30,11:02:17,-07:00,2025-04-30T11:02:17-07:00,0,18
styles.css,284,css,2fe3ab70,Raghav Dewangan,2025-04-30,11:02:17,-07:00,2025-04-30T11:02:17-07:00,0,16
styles.css,285,css,2fe3ab70,Raghav Dewangan,2025-04-30,11:02:17,-07:00,2025-04-30T11:02:17-07:00,0,0
styles.css,286,css,2fe3ab70,Raghav Dewangan,2025-04-30,11:02:17,-07:00,2025-04-30T11:02:17-07:00,0,0
styles.css,287,css,2fe3ab70,Raghav Dewangan,2025-04-30,11:02:17,-07:00,2025-04-30T11:02:17-07:00,0,13
styles.css,288,css,2fe3ab70,Raghav Dewangan,2025-04-30,11:02:17,-07:00,2025-04-30T11:02:17-07:00,0,13
styles.css,289,css,2fe3ab70,Raghav Dewangan,2025-04-30,11:02:17,-07:00,2025-04-30T11:02:17-07:00,0,19
styles.css,290,css,2fe3ab70,Raghav Dewangan,2025-04-30,11:02:17,-07:00,2025-04-30T11:02:17-07:00,0,59
styles.css,291,css,2fe3ab70,Raghav Dewangan,2025-04-30,11:02:17,-07:00,2025-04-30T11:02:17-07:00,0,43
styles.css,292,css,2fe3ab70,Raghav Dewangan,2025-04-30,11:02:17,-07:00,2025-04-30T11:02:17-07:00,0,0
styles.css,293,css,2fe3ab70,Raghav Dewangan,2025-04-30,11:02:17,-07:00,2025-04-30T11:02:17-07:00,0,0
styles.css,294,css,2fe3ab70,Raghav Dewangan,2025-04-30,11:02:17,-07:00,2025-04-30T11:02:17-07:00,0,8
styles.css,295,css,2fe3ab70,Raghav Dewangan,2025-04-30,11:02:17,-07:00,2025-04-30T11:02:17-07:00,0,21
styles.css,296,css,2fe3ab70,Raghav Dewangan,2025-04-30,11:02:17,-07:00,2025-04-30T11:02:17-07:00,0,11
styles.css,297,css,2fe3ab70,Raghav Dewangan,2025-04-30,11:02:17,-07:00,2025-04-30T11:02:17-07:00,0,12
styles.css,298,css,2fe3ab70,Raghav Dewangan,2025-04-30,11:02:17,-07:00,2025-04-30T11:02:17-07:00,0,30
styles.css,299,css,2fe3ab70,Raghav Dewangan,2025-04-30,11:02:17,-07:00,2025-04-30T11:02:17-07:00,0,18
styles.css,300,css,2fe3ab70,Raghav Dewangan,2025-04-30,11:02:17,-07:00,2025-04-30T11:02:17-07:00,0,36
styles.css,301,css,2fe3ab70,Raghav Dewangan,2025-04-30,11:02:17,-07:00,2025-04-30T11:02:17-07:00,0,14
styles.css,302,css,2fe3ab70,Raghav Dewangan,2025-04-30,11:02:17,-07:00,2025-04-30T11:02:17-07:00,0,22
styles.css,303,css,2fe3ab70,Raghav Dewangan,2025-04-30,11:02:17,-07:00,2025-04-30T11:02:17-07:00,0,0
styles.css,304,css,2fe3ab70,Raghav Dewangan,2025-04-30,11:02:17,-07:00,2025-04-30T11:02:17-07:00,0,0
styles.css,305,css,2fe3ab70,Raghav Dewangan,2025-04-30,11:02:17,-07:00,2025-04-30T11:02:17-07:00,0,14
styles.css,306,css,2fe3ab70,Raghav Dewangan,2025-04-30,11:02:17,-07:00,2025-04-30T11:02:17-07:00,0,19
styles.css,307,css,2fe3ab70,Raghav Dewangan,2025-04-30,11:02:17,-07:00,2025-04-30T11:02:17-07:00,0,16
styles.css,308,css,2fe3ab70,Raghav Dewangan,2025-04-30,11:02:17,-07:00,2025-04-30T11:02:17-07:00,0,23
styles.css,309,css,2fe3ab70,Raghav Dewangan,2025-04-30,11:02:17,-07:00,2025-04-30T11:02:17-07:00,0,0
styles.css,310,css,2fe3ab70,Raghav Dewangan,2025-04-30,11:02:17,-07:00,2025-04-30T11:02:17-07:00,0,0
styles.css,311,css,2fe3ab70,Raghav Dewangan,2025-04-30,11:02:17,-07:00,2025-04-30T11:02:17-07:00,0,14
styles.css,312,css,2fe3ab70,Raghav Dewangan,2025-04-30,11:02:17,-07:00,2025-04-30T11:02:17-07:00,0,18
styles.css,313,css,2fe3ab70,Raghav Dewangan,2025-04-30,11:02:17,-07:00,2025-04-30T11:02:17-07:00,0,12
styles.css,314,css,2fe3ab70,Raghav Dewangan,2025-04-30,11:02:17,-07:00,2025-04-30T11:02:17-07:00,0,16
styles.css,315,css,2fe3ab70,Raghav Dewangan,2025-04-30,11:02:17,-07:00,2025-04-30T11:02:17-07:00,0,19
styles.css,316,css,2fe3ab70,Raghav Dewangan,2025-04-30,11:02:17,-07:00,2025-04-30T11:02:17-07:00,0,0
styles.css,317,css,2fe3ab70,Raghav Dewangan,2025-04-30,11:02:17,-07:00,2025-04-30T11:02:17-07:00,0,0
styles.css,318,css,2fe3ab70,Raghav Dewangan,2025-04-30,11:02:17,-07:00,2025-04-30T11:02:17-07:00,0,17
styles.css,319,css,2fe3ab70,Raghav Dewangan,2025-04-30,11:02:17,-07:00,2025-04-30T11:02:17-07:00,0,13
styles.css,320,css,2fe3ab70,Raghav Dewangan,2025-04-30,11:02:17,-07:00,2025-04-30T11:02:17-07:00,0,9
styles.css,321,css,2fe3ab70,Raghav Dewangan,2025-04-30,11:02:17,-07:00,2025-04-30T11:02:17-07:00,0,19
styles.css,322,css,2fe3ab70,Raghav Dewangan,2025-04-30,11:02:17,-07:00,2025-04-30T11:02:17-07:00,0,14
styles.css,323,css,2fe3ab70,Raghav Dewangan,2025-04-30,11:02:17,-07:00,2025-04-30T11:02:17-07:00,0,0
styles.css,324,css,2fe3ab70,Raghav Dewangan,2025-04-30,11:02:17,-07:00,2025-04-30T11:02:17-07:00,0,0
styles.css,325,css,2fe3ab70,Raghav Dewangan,2025-04-30,11:02:17,-07:00,2025-04-30T11:02:17-07:00,0,19
styles.css,326,css,2fe3ab70,Raghav Dewangan,2025-04-30,11:02:17,-07:00,2025-04-30T11:02:17-07:00,0,14
styles.css,327,css,2fe3ab70,Raghav Dewangan,2025-04-30,11:02:17,-07:00,2025-04-30T11:02:17-07:00,0,16
styles.css,328,css,2fe3ab70,Raghav Dewangan,2025-04-30,11:02:17,-07:00,2025-04-30T11:02:17-07:00,0,0
styles.css,329,css,2fe3ab70,Raghav Dewangan,2025-04-30,11:02:17,-07:00,2025-04-30T11:02:17-07:00,0,0
styles.css,330,css,2fe3ab70,Raghav Dewangan,2025-04-30,11:02:17,-07:00,2025-04-30T11:02:17-07:00,0,8
styles.css,331,css,2fe3ab70,Raghav Dewangan,2025-04-30,11:02:17,-07:00,2025-04-30T11:02:17-07:00,0,7
styles.css,332,css,2fe3ab70,Raghav Dewangan,2025-04-30,11:02:17,-07:00,2025-04-30T11:02:17-07:00,0,16
styles.css,333,css,2fe3ab70,Raghav Dewangan,2025-04-30,11:02:17,-07:00,2025-04-30T11:02:17-07:00,0,10
styles.css,334,css,2fe3ab70,Raghav Dewangan,2025-04-30,11:02:17,-07:00,2025-04-30T11:02:17-07:00,0,9
styles.css,335,css,06a48985,Raghav Dewangan,2025-05-01,11:14:45,-07:00,2025-05-01T11:14:45-07:00,0,0
styles.css,336,css,06a48985,Raghav Dewangan,2025-05-01,11:14:45,-07:00,2025-05-01T11:14:45-07:00,0,0
styles.css,337,css,06a48985,Raghav Dewangan,2025-05-01,11:14:45,-07:00,2025-05-01T11:14:45-07:00,0,18
styles.css,338,css,06a48985,Raghav Dewangan,2025-05-01,11:14:45,-07:00,2025-05-01T11:14:45-07:00,0,17
styles.css,339,css,06a48985,Raghav Dewangan,2025-05-01,11:14:45,-07:00,2025-05-01T11:14:45-07:00,0,12
styles.css,340,css,06a48985,Raghav Dewangan,2025-05-01,11:14:45,-07:00,2025-05-01T11:14:45-07:00,0,0
styles.css,341,css,06a48985,Raghav Dewangan,2025-05-01,11:14:45,-07:00,2025-05-01T11:14:45-07:00,0,0
styles.css,342,css,06a48985,Raghav Dewangan,2025-05-01,11:14:45,-07:00,2025-05-01T11:14:45-07:00,0,5
styles.css,343,css,06a48985,Raghav Dewangan,2025-05-01,11:14:45,-07:00,2025-05-01T11:14:45-07:00,0,17
styles.css,344,css,06a48985,Raghav Dewangan,2025-05-01,11:14:45,-07:00,2025-05-01T11:14:45-07:00,0,15
styles.css,345,css,06a48985,Raghav Dewangan,2025-05-01,11:14:45,-07:00,2025-05-01T11:14:45-07:00,0,0
styles.css,346,css,06a48985,Raghav Dewangan,2025-05-01,11:14:45,-07:00,2025-05-01T11:14:45-07:00,0,10
styles.css,347,css,06a48985,Raghav Dewangan,2025-05-01,11:14:45,-07:00,2025-05-01T11:14:45-07:00,0,36
styles.css,348,css,06a48985,Raghav Dewangan,2025-05-01,11:14:45,-07:00,2025-05-01T11:14:45-07:00,0,0
styles.css,349,css,06a48985,Raghav Dewangan,2025-05-01,11:14:45,-07:00,2025-05-01T11:14:45-07:00,0,11
styles.css,350,css,06a48985,Raghav Dewangan,2025-05-01,11:14:45,-07:00,2025-05-01T11:14:45-07:00,0,18
styles.css,351,css,06a48985,Raghav Dewangan,2025-05-01,11:14:45,-07:00,2025-05-01T11:14:45-07:00,0,0
styles.css,352,css,3707cdd1,Raghav Dewangan,2025-04-10,12:09:21,-07:00,2025-04-10T12:09:21-07:00,0,0
